time,target,value
0,fleet1,7.0
0,fleet2,7.0
0,loader1dt,good
0,loader1,ready
0,loader1q,0
0,loader2dt,good
0,loader2,ready
0,loader2q,0
0,s1n1dt,good
0,s1n1,L_Q
0,s2n1dt,good
0,s2n1,L_Q
0,s1n2dt,good
0,s1n2,L_Q
0,s2n2dt,good
0,s2n2,L_Q
0,s1n3dt,good
0,s1n3,L_Q
0,s2n3dt,good
0,s2n3,L_Q
0,s1n4dt,good
0,s1n4,L_Q
0,s2n4dt,good
0,s2n4,L_Q
0,s1n5dt,good
0,s1n5,L_Q
0,s2n5dt,good
0,s2n5,L_Q
0,s1n6dt,good
0,s1n6,L_Q
0,s2n6dt,good
0,s2n6,L_Q
0,s1n7dt,good
0,s1n7,L_Q
0,s2n7dt,good
0,s2n7,L_Q
0,unloaderdt,good
0,unloader,ready
0,unloaderq,0
0,truck_pile,0
0,truck_pile_max,120000
0,plant_max,1000
0,plant,0
0,plant_in,OFF
0,plant_out,OFF
0,plantdt,good
0,train_pile,0
0,train_pile_max,120000
0,rail_status,next train
0,rail_time,650
0,tons_tally,0
0,loader1q,0
0,s1n1,L_Q
0,loader1q,1
0,s1n2,L_Q
0,loader1q,2
0,s1n3,L_Q
0,loader1q,3
0,s1n4,L_Q
0,loader1q,4
0,s1n5,L_Q
0,loader1q,5
0,s1n6,L_Q
0,loader1q,6
0,s1n7,L_Q
0,loader2q,0
0,s2n1,L_Q
0,loader2q,1
0,s2n2,L_Q
0,loader2q,2
0,s2n3,L_Q
0,loader2q,3
0,s2n4,L_Q
0,loader2q,4
0,s2n5,L_Q
0,loader2q,5
0,s2n6,L_Q
0,loader2q,6
0,s2n7,L_Q
0,rail_status,next train
0,rail_time,650
0,loader1q,6
0,s1n1,loader1
0,loader1,s1n1
0,loader2q,6
0,s2n1,loader2
0,loader2,s2n1
3,plant,0
3,plant_in,OFF
6,plant,0
6,plant_in,OFF
9,plant,0
9,plant_in,OFF
12,plant,0
12,plant_in,OFF
15,plant,0
15,plant_in,OFF
18,plant,0
18,plant_in,OFF
21,plant,0
21,plant_in,OFF
24,plant,0
24,plant_in,OFF
27,plant,0
27,plant_in,OFF
30,plant,0
30,plant_in,OFF
33,plant,0
33,plant_in,OFF
36,plant,0
36,plant_in,OFF
39,plant,0
39,plant_in,OFF
42,plant,0
42,plant_in,OFF
45,plant,0
45,plant_in,OFF
48,plant,0
48,plant_in,OFF
51,plant,0
51,plant_in,OFF
54,plant,0
54,plant_in,OFF
57,plant,0
57,plant_in,OFF
60,plant,0
60,plant_in,OFF
63,plant,0
63,plant_in,OFF
66,plant,0
66,plant_in,OFF
69,plant,0
69,plant_in,OFF
72,plant,0
72,plant_in,OFF
75,plant,0
75,plant_in,OFF
78,plant,0
78,plant_in,OFF
81,plant,0
81,plant_in,OFF
84,plant,0
84,plant_in,OFF
87,plant,0
87,plant_in,OFF
90,plant,0
90,plant_in,OFF
93,plant,0
93,plant_in,OFF
96,plant,0
96,plant_in,OFF
99,plant,0
99,plant_in,OFF
102,plant,0
102,plant_in,OFF
105,plant,0
105,plant_in,OFF
108,plant,0
108,plant_in,OFF
111,plant,0
111,plant_in,OFF
114,plant,0
114,plant_in,OFF
117,plant,0
117,plant_in,OFF
120,plant,0
120,plant_in,OFF
121.74184006304057,loader1,ready
121.74184006304057,s1n1,287.3t
121.74184006304057,loader1q,5
121.74184006304057,s1n2,loader1
121.74184006304057,loader1,s1n2
123,plant,0
123,plant_in,OFF
126,plant,0
126,plant_in,OFF
126.33721767756148,loader2,ready
126.33721767756148,s2n1,296.9t
126.33721767756148,loader2q,5
126.33721767756148,s2n2,loader2
126.33721767756148,loader2,s2n2
129,plant,0
129,plant_in,OFF
132,plant,0
132,plant_in,OFF
135,plant,0
135,plant_in,OFF
138,plant,0
138,plant_in,OFF
141,plant,0
141,plant_in,OFF
144,plant,0
144,plant_in,OFF
146.70315628165417,s1n1,U_Q
146.70315628165417,unloaderq,0
146.70315628165417,unloaderq,0
146.70315628165417,s1n1,unloader
146.70315628165417,unloader,s1n1
147,plant,0
147,plant_in,OFF
148.08016473830503,unloader,ready
148.08016473830503,truck_pile,287.2979861786409
148.08016473830503,s1n1,0t
150,plant,0
150,plant_in,OFF
150,truck_pile,37.29798617864088
150,plant_in,ON
152.56256257114882,s2n1,U_Q
152.56256257114882,unloaderq,0
152.56256257114882,unloaderq,0
152.56256257114882,s2n1,unloader
152.56256257114882,unloader,s2n1
153,plant,250
153,plant_in,OFF
154.01526078279295,unloader,ready
154.01526078279295,truck_pile,334.19454634565136
154.01526078279295,s2n1,0t
156,plant,250
156,plant_in,OFF
156,truck_pile,84.19454634565136
156,plant_in,ON
159,plant,500
159,plant_in,OFF
161.71723325912788,s1n1,L_Q
161.71723325912788,loader1q,6
161.71723325912788,s1n1,L_Q
162,plant,500
162,plant_in,OFF
165,plant,500
165,plant_in,OFF
168,plant,500
168,plant_in,OFF
169.33096570303368,s2n1,L_Q
169.33096570303368,loader2q,6
169.33096570303368,s2n1,L_Q
171,plant,500
171,plant_in,OFF
174,plant,500
174,plant_in,OFF
177,plant,500
177,plant_in,OFF
180,plant,500
180,plant_in,OFF
183,plant,500
183,plant_in,OFF
186,plant,500
186,plant_in,OFF
189,plant,500
189,plant_in,OFF
192,plant,500
192,plant_in,OFF
195,plant,500
195,plant_in,OFF
198,plant,500
198,plant_in,OFF
201,plant,500
201,plant_in,OFF
204,plant,500
204,plant_in,OFF
207,plant,500
207,plant_in,OFF
210,plant,500
210,plant_in,OFF
213,plant,500
213,plant_in,OFF
216,plant,500
216,plant_in,OFF
219,plant,500
219,plant_in,OFF
222,plant,500
222,plant_in,OFF
225,plant,500
225,plant_in,OFF
228,plant,500
228,plant_in,OFF
230.11279235627242,loader1,ready
230.11279235627242,s1n2,275.3t
230.11279235627242,loader1q,5
230.11279235627242,s1n3,loader1
230.11279235627242,loader1,s1n3
231,plant,500
231,plant_in,OFF
234,plant,500
234,plant_in,OFF
235.29342430842902,loader2,ready
235.29342430842902,s2n2,273.2t
235.29342430842902,loader2q,5
235.29342430842902,s2n3,loader2
235.29342430842902,loader2,s2n3
237,plant,500
237,plant_in,OFF
240,plant,500
240,plant_in,OFF
243,plant,500
243,plant_in,OFF
246,plant,500
246,plant_in,OFF
249,plant,500
249,plant_in,OFF
252,plant,500
252,plant_in,OFF
255,plant,500
255,plant_in,OFF
256.7634042811345,s1n2,U_Q
256.7634042811345,unloaderq,0
256.7634042811345,unloaderq,0
256.7634042811345,s1n2,unloader
256.7634042811345,unloader,s1n2
258,plant,500
258,plant_in,OFF
258.122371907667,unloader,ready
258.122371907667,truck_pile,359.5043425973893
258.122371907667,s1n2,0t
259.30267842261304,s2n2,U_Q
259.30267842261304,unloaderq,0
259.30267842261304,unloaderq,0
259.30267842261304,s2n2,unloader
259.30267842261304,unloader,s2n2
260.76100396995065,unloader,ready
260.76100396995065,truck_pile,632.7330008353442
260.76100396995065,s2n2,0t
261,plant,500
261,plant_in,OFF
261,truck_pile,382.7330008353442
261,plant_in,ON
264,plant,750
264,plant_in,OFF
264,truck_pile,132.73300083534423
264,plant_in,ON
267,plant,1000
267,plant_in,OFF
267,plant_in,OFF
267,plant,1000
267,plant_out,ON
267,plant,750
270,train_pile,125.0
270,plant_out,OFF
270,plant_out,ON
270,plant,500
272.7221511746003,s1n2,L_Q
272.7221511746003,loader1q,6
272.7221511746003,s1n2,L_Q
273,train_pile,250.0
273,plant_out,OFF
273,plant_out,ON
273,plant,250
275.5221743287073,s2n2,L_Q
275.5221743287073,loader2q,6
275.5221743287073,s2n2,L_Q
276,train_pile,375.0
276,plant_out,OFF
276,plant_out,ON
276,plant,0
279,train_pile,500.0
279,plant_out,OFF
344.0387706413725,loader1,ready
344.0387706413725,s1n3,291.8t
344.0387706413725,loader1dt,down
357.9746227381979,loader2,ready
357.9746227381979,s2n3,306.1t
357.9746227381979,loader2q,5
357.9746227381979,s2n4,loader2
357.9746227381979,loader2,s2n4
369.5559858781989,s1n3,U_Q
369.5559858781989,unloaderq,0
369.5559858781989,unloaderq,0
369.5559858781989,s1n3,unloader
369.5559858781989,unloader,s1n3
371.0187036644271,unloader,ready
371.0187036644271,truck_pile,424.49662668594505
371.0187036644271,s1n3,0t
384.05820847361684,s2n3,U_Q
384.05820847361684,unloaderq,0
384.05820847361684,unloaderq,0
384.05820847361684,s2n3,unloader
384.05820847361684,unloader,s2n3
384.6724313494215,s1n3,L_Q
384.6724313494215,loader1q,7
384.6724313494215,s1n3,L_Q
385.42107122276104,unloader,ready
385.42107122276104,truck_pile,730.6387790854608
385.42107122276104,s2n3,0t
401.6048472657979,s2n3,L_Q
401.6048472657979,loader2q,6
401.6048472657979,s2n3,L_Q
479.44177745457165,loader2,ready
479.44177745457165,s2n4,286.1t
479.44177745457165,loader2q,5
479.44177745457165,s2n5,loader2
479.44177745457165,loader2,s2n5
503.20515595864697,s2n4,U_Q
503.20515595864697,unloaderq,0
503.20515595864697,unloaderq,0
503.20515595864697,s2n4,unloader
503.20515595864697,unloader,s2n4
504.82164234839865,unloader,ready
504.82164234839865,truck_pile,1016.7078351383309
504.82164234839865,s2n4,0t
518.7988645593,s2n4,L_Q
518.7988645593,loader2q,6
518.7988645593,s2n4,L_Q
590,rail_status,cancel
590,rail_time,590
590,rail_status,next train
590,rail_time,1240
594.7666107878317,loader2,ready
594.7666107878317,s2n5,288.4t
594.7666107878317,loader2q,5
594.7666107878317,s2n6,loader2
594.7666107878317,loader2,s2n6
621.9243330919361,s2n5,U_Q
621.9243330919361,unloaderq,0
621.9243330919361,unloaderq,0
621.9243330919361,s2n5,unloader
621.9243330919361,unloader,s2n5
623.4250163662896,unloader,ready
623.4250163662896,truck_pile,1305.0982393356658
623.4250163662896,s2n5,0t
637.6514453580514,s2n5,L_Q
637.6514453580514,loader2q,6
637.6514453580514,s2n5,L_Q
721.1492058325816,loader2,ready
721.1492058325816,s2n6,327.4t
721.1492058325816,loader2q,5
721.1492058325816,s2n7,loader2
721.1492058325816,loader2,s2n7
744.748338491253,s2n6,U_Q
744.748338491253,unloaderq,0
744.748338491253,unloaderq,0
744.748338491253,s2n6,unloader
744.748338491253,unloader,s2n6
746.2344822706084,unloader,ready
746.2344822706084,truck_pile,1632.5345151750394
746.2344822706084,s2n6,0t
761.8250300505279,s2n6,L_Q
761.8250300505279,loader2q,6
761.8250300505279,s2n6,L_Q
835.297200051204,loader2,ready
835.297200051204,s2n7,277.6t
835.297200051204,loader2q,5
835.297200051204,s2n1,loader2
835.297200051204,loader2,s2n1
862.5751991432805,s2n7,U_Q
862.5751991432805,unloaderq,0
862.5751991432805,unloaderq,0
862.5751991432805,s2n7,unloader
862.5751991432805,unloader,s2n7
864.1223329364873,unloader,ready
864.1223329364873,truck_pile,1910.1359776374625
864.1223329364873,s2n7,0t
880.4723653467125,s2n7,L_Q
880.4723653467125,loader2q,6
880.4723653467125,s2n7,L_Q
947.4668921340123,loader2,ready
947.4668921340123,s2n1,276.3t
947.4668921340123,loader2q,5
947.4668921340123,s2n2,loader2
947.4668921340123,loader2,s2n2
973.4546803087437,s2n1,U_Q
973.4546803087437,unloaderq,0
973.4546803087437,unloaderq,0
973.4546803087437,s2n1,unloader
973.4546803087437,unloader,s2n1
975.1008934489373,unloader,ready
975.1008934489373,truck_pile,2186.470620616742
975.1008934489373,s2n1,0t
990.1278798997351,s2n1,L_Q
990.1278798997351,loader2q,6
990.1278798997351,s2n1,L_Q
1062.894444335189,loader2,ready
1062.894444335189,s2n2,289.0t
1062.894444335189,loader2q,5
1062.894444335189,s2n3,loader2
1062.894444335189,loader2,s2n3
1086.9844255280059,s2n2,U_Q
1086.9844255280059,unloaderq,0
1086.9844255280059,unloaderq,0
1086.9844255280059,s2n2,unloader
1086.9844255280059,unloader,s2n2
1088.4157982217987,unloader,ready
1088.4157982217987,truck_pile,2475.4425853722187
1088.4157982217987,s2n2,0t
1099.227048722699,s1n2dt,down
1103.0556810892508,s2n2,L_Q
1103.0556810892508,loader2q,6
1103.0556810892508,s2n2,L_Q
1146.496620949989,loader1dt,good
1146.496620949989,loader1q,5
1146.496620949989,s1n4,loader1
1146.496620949989,loader1,s1n4
1173.2238529374783,loader2,ready
1173.2238529374783,s2n3,304.8t
1173.2238529374783,loader2q,5
1173.2238529374783,s2n4,loader2
1173.2238529374783,loader2,s2n4
1180,rail_status,cancel
1180,rail_time,1180
1180,rail_status,next train
1180,rail_time,1830
1196.4162360885366,s2n3,U_Q
1196.4162360885366,unloaderq,0
1196.4162360885366,unloaderq,0
1196.4162360885366,s2n3,unloader
1196.4162360885366,unloader,s2n3
1197.873471875885,unloader,ready
1197.873471875885,truck_pile,2780.2805185299585
1197.873471875885,s2n3,0t
1213.144032579114,s2n3,L_Q
1213.144032579114,loader2q,6
1213.144032579114,s2n3,L_Q
1260.6287532123592,loader1,ready
1260.6287532123592,s1n4,328.3t
1260.6287532123592,loader1q,4
1260.6287532123592,s1n5,loader1
1260.6287532123592,loader1,s1n5
1284.8779795497587,s1n4,U_Q
1284.8779795497587,unloaderq,0
1284.8779795497587,unloaderq,0
1284.8779795497587,s1n4,unloader
1284.8779795497587,unloader,s1n4
1286.3917220735807,unloader,ready
1286.3917220735807,truck_pile,3108.6270153030264
1286.3917220735807,s1n4,0t
1302.0364516580491,s1n4,L_Q
1302.0364516580491,loader1q,5
1302.0364516580491,s1n4,L_Q
1305.0986700363205,loader2,ready
1305.0986700363205,s2n4,318.6t
1305.0986700363205,loader2q,5
1305.0986700363205,s2n5,loader2
1305.0986700363205,loader2,s2n5
1306.7111245313781,s1n6dt,down
1328.249045780909,s2n4,U_Q
1328.249045780909,unloaderq,0
1328.249045780909,unloaderq,0
1328.249045780909,s2n4,unloader
1328.249045780909,unloader,s2n4
1329.8312400438735,unloader,ready
1329.8312400438735,truck_pile,3427.2666973207397
1329.8312400438735,s2n4,0t
1346.151676223292,s2n4,L_Q
1346.151676223292,loader2q,6
1346.151676223292,s2n4,L_Q
1369.9610815695912,loader1,ready
1369.9610815695912,s1n5,314.7t
1369.9610815695912,loader1q,3
1369.9610815695912,s1n7,loader1
1369.9610815695912,loader1,s1n7
1393.1904606961787,s1n5,U_Q
1393.1904606961787,unloaderq,0
1393.1904606961787,unloaderq,0
1393.1904606961787,s1n5,unloader
1393.1904606961787,unloader,s1n5
1394.6189065277965,unloader,ready
1394.6189065277965,truck_pile,3741.928996722736
1394.6189065277965,s1n5,0t
1408.1732631505065,s1n5,L_Q
1408.1732631505065,loader1q,4
1408.1732631505065,s1n5,L_Q
1421.3364763930413,loader2,ready
1421.3364763930413,s2n5,312.5t
1421.3364763930413,loader2q,5
1421.3364763930413,s2n6,loader2
1421.3364763930413,loader2,s2n6
1445.0831984494869,s2n5,U_Q
1445.0831984494869,unloaderq,0
1445.0831984494869,unloaderq,0
1445.0831984494869,s2n5,unloader
1445.0831984494869,unloader,s2n5
1446.7060494854234,unloader,ready
1446.7060494854234,truck_pile,4054.4516300227388
1446.7060494854234,s2n5,0t
1461.2320712702453,s2n5,L_Q
1461.2320712702453,loader2q,6
1461.2320712702453,s2n5,L_Q
1494.8111143636147,loader1,ready
1494.8111143636147,s1n7,289.6t
1494.8111143636147,loader1q,3
1494.8111143636147,s1n1,loader1
1494.8111143636147,loader1,s1n1
1519.2373810749873,s1n7,U_Q
1519.2373810749873,unloaderq,0
1519.2373810749873,unloaderq,0
1519.2373810749873,s1n7,unloader
1519.2373810749873,unloader,s1n7
1520.6253925360957,unloader,ready
1520.6253925360957,truck_pile,4344.028194469181
1520.6253925360957,s1n7,0t
1536.1317166378644,s1n7,L_Q
1536.1317166378644,loader1q,4
1536.1317166378644,s1n7,L_Q
1537.3533720403227,loader2,ready
1537.3533720403227,s2n6,290.4t
1537.3533720403227,loader2q,5
1537.3533720403227,s2n7,loader2
1537.3533720403227,loader2,s2n7
1549.5131223380408,s1n2dt,good
1549.5131223380408,loader1q,5
1549.5131223380408,s1n2,L_Q
1561.446851311709,s2n6,U_Q
1561.446851311709,unloaderq,0
1561.446851311709,unloaderq,0
1561.446851311709,s2n6,unloader
1561.446851311709,unloader,s2n6
1562.813026409208,unloader,ready
1562.813026409208,truck_pile,4634.40805317259
1562.813026409208,s2n6,0t
1578.862714799558,s2n6,L_Q
1578.862714799558,loader2q,6
1578.862714799558,s2n6,L_Q
1620.2222188704873,loader1,ready
1620.2222188704873,s1n1,284.9t
1620.2222188704873,loader1q,4
1620.2222188704873,s1n3,loader1
1620.2222188704873,loader1,s1n3
1643.4194385028295,s1n1,U_Q
1643.4194385028295,unloaderq,0
1643.4194385028295,unloaderq,0
1643.4194385028295,s1n1,unloader
1643.4194385028295,unloader,s1n1
1644.8152764190243,unloader,ready
1644.8152764190243,truck_pile,4919.261313148685
1644.8152764190243,s1n1,0t
1658.7782272129846,s1n1,L_Q
1658.7782272129846,loader1q,5
1658.7782272129846,s1n1,L_Q
1667.4730064423006,loader2,ready
1667.4730064423006,s2n7,314.8t
1667.4730064423006,loader2q,5
1667.4730064423006,s2n1,loader2
1667.4730064423006,loader2,s2n1
1693.515619943654,s2n7,U_Q
1693.515619943654,unloaderq,0
1693.515619943654,unloaderq,0
1693.515619943654,s2n7,unloader
1693.515619943654,unloader,s2n7
1694.9058120543343,unloader,ready
1694.9058120543343,truck_pile,5234.0222622393185
1694.9058120543343,s2n7,0t
1695,truck_pile,4984.0222622393185
1695,plant_in,ON
1698,plant,250
1698,plant_in,OFF
1698,truck_pile,4734.0222622393185
1698,plant_in,ON
1701,plant,500
1701,plant_in,OFF
1701,truck_pile,4484.0222622393185
1701,plant_in,ON
1704,plant,750
1704,plant_in,OFF
1704,truck_pile,4234.0222622393185
1704,plant_in,ON
1707,plant,1000
1707,plant_in,OFF
1707,plant_in,OFF
1707,plant,1000
1707,truck_pile,3984.0222622393185
1707,plant_in,ON
1707,plant_out,ON
1707,plant,1000
1709.7293740443592,s2n7,L_Q
1709.7293740443592,loader2q,6
1709.7293740443592,s2n7,L_Q
1710,train_pile,625.0
1710,plant_out,OFF
1710,plant,1000
1710,plant_in,OFF
1710,plant_out,ON
1710,plant,750
1710,truck_pile,3734.0222622393185
1710,plant_in,ON
1713,train_pile,750.0
1713,plant_out,OFF
1713,plant,1000
1713,plant_in,OFF
1713,plant_out,ON
1713,plant,750
1713,truck_pile,3484.0222622393185
1713,plant_in,ON
1716,train_pile,875.0
1716,plant_out,OFF
1716,plant,1000
1716,plant_in,OFF
1716,plant_out,ON
1716,plant,750
1716,truck_pile,3234.0222622393185
1716,plant_in,ON
1719,train_pile,1000.0
1719,plant_out,OFF
1719,plant,1000
1719,plant_in,OFF
1719,plant_out,ON
1719,plant,750
1719,truck_pile,2984.0222622393185
1719,plant_in,ON
1722,train_pile,1125.0
1722,plant_out,OFF
1722,plant,1000
1722,plant_in,OFF
1722,plant_out,ON
1722,plant,750
1722,truck_pile,2734.0222622393185
1722,plant_in,ON
1725,train_pile,1250.0
1725,plant_out,OFF
1725,plant,1000
1725,plant_in,OFF
1725,plant_out,ON
1725,plant,750
1725,truck_pile,2484.0222622393185
1725,plant_in,ON
1728,train_pile,1375.0
1728,plant_out,OFF
1728,plant,1000
1728,plant_in,OFF
1728,plant_out,ON
1728,plant,750
1728,truck_pile,2234.0222622393185
1728,plant_in,ON
1731,train_pile,1500.0
1731,plant_out,OFF
1731,plant,1000
1731,plant_in,OFF
1731,plant_out,ON
1731,plant,750
1731,truck_pile,1984.0222622393185
1731,plant_in,ON
1734,train_pile,1625.0
1734,plant_out,OFF
1734,plant,1000
1734,plant_in,OFF
1734,plant_out,ON
1734,plant,750
1734,truck_pile,1734.0222622393185
1734,plant_in,ON
1737,train_pile,1750.0
1737,plant_out,OFF
1737,plant,1000
1737,plant_in,OFF
1737,plant_out,ON
1737,plant,750
1737,truck_pile,1484.0222622393185
1737,plant_in,ON
1740,train_pile,1875.0
1740,plant_out,OFF
1740,plant,1000
1740,plant_in,OFF
1740,plant_out,ON
1740,plant,750
1740,truck_pile,1234.0222622393185
1740,plant_in,ON
1743,train_pile,2000.0
1743,plant_out,OFF
1743,plant,1000
1743,plant_in,OFF
1743,plant_out,ON
1743,plant,750
1743,truck_pile,984.0222622393185
1743,plant_in,ON
1746,train_pile,2125.0
1746,plant_out,OFF
1746,plant,1000
1746,plant_in,OFF
1746,plant_out,ON
1746,plant,750
1746,truck_pile,734.0222622393185
1746,plant_in,ON
1749,train_pile,2250.0
1749,plant_out,OFF
1749,plant,1000
1749,plant_in,OFF
1749,plant_out,ON
1749,plant,750
1749,truck_pile,484.0222622393185
1749,plant_in,ON
1749.9516345229968,loader1,ready
1749.9516345229968,s1n3,290.6t
1749.9516345229968,loader1q,4
1749.9516345229968,s1n4,loader1
1749.9516345229968,loader1,s1n4
1752,train_pile,2375.0
1752,plant_out,OFF
1752,plant,1000
1752,plant_in,OFF
1752,plant_out,ON
1752,plant,750
1752,truck_pile,234.02226223931848
1752,plant_in,ON
1755,train_pile,2500.0
1755,plant_out,OFF
1755,plant,1000
1755,plant_in,OFF
1755,plant_out,ON
1755,plant,750
1758,train_pile,2625.0
1758,plant_out,OFF
1758,plant_out,ON
1758,plant,500
1761,train_pile,2750.0
1761,plant_out,OFF
1761,plant_out,ON
1761,plant,250
1764,train_pile,2875.0
1764,plant_out,OFF
1764,plant_out,ON
1764,plant,0
1767,train_pile,3000.0
1767,plant_out,OFF
1770,rail_status,cancel
1770,rail_time,1770
1770,rail_status,next train
1770,rail_time,2420
1775.7805436369563,s1n3,U_Q
1775.7805436369563,unloaderq,0
1775.7805436369563,unloaderq,0
1775.7805436369563,s1n3,unloader
1775.7805436369563,unloader,s1n3
1777.2466990049559,unloader,ready
1777.2466990049559,truck_pile,524.6604116402673
1777.2466990049559,s1n3,0t
1781.3607102534488,loader2,ready
1781.3607102534488,s2n1,294.4t
1781.3607102534488,loader2q,5
1781.3607102534488,s2n2,loader2
1781.3607102534488,loader2,s2n2
1790.959472141832,s1n3,L_Q
1790.959472141832,loader1q,5
1790.959472141832,s1n3,L_Q
1804.9352723138911,s2n1,U_Q
1804.9352723138911,unloaderq,0
1804.9352723138911,unloaderq,0
1804.9352723138911,s2n1,unloader
1804.9352723138911,unloader,s2n1
1806.5448061570298,unloader,ready
1806.5448061570298,truck_pile,819.0311787113212
1806.5448061570298,s2n1,0t
1822.641474055689,s2n1,L_Q
1822.641474055689,loader2q,6
1822.641474055689,s2n1,L_Q
1868.5341225885352,loader1,ready
1868.5341225885352,s1n4,289.2t
1868.5341225885352,loader1q,4
1868.5341225885352,s1n5,loader1
1868.5341225885352,loader1,s1n5
1891.707374828872,s1n4,U_Q
1891.707374828872,unloaderq,0
1891.707374828872,unloaderq,0
1891.707374828872,s1n4,unloader
1891.707374828872,unloader,s1n4
1893.2964253648718,unloader,ready
1893.2964253648718,truck_pile,1108.2273674779549
1893.2964253648718,s1n4,0t
1898.99715852892,loader2,ready
1898.99715852892,s2n2,287.3t
1898.99715852892,loader2q,5
1898.99715852892,s2n3,loader2
1898.99715852892,loader2,s2n3
1909.0661642560326,s1n4,L_Q
1909.0661642560326,loader1q,5
1909.0661642560326,s1n4,L_Q
1926.0901975933045,s2n2,U_Q
1926.0901975933045,unloaderq,0
1926.0901975933045,unloaderq,0
1926.0901975933045,s2n2,unloader
1926.0901975933045,unloader,s2n2
1927.453959631822,unloader,ready
1927.453959631822,truck_pile,1395.5005862669732
1927.453959631822,s2n2,0t
1942.390468109505,s2n2,L_Q
1942.390468109505,loader2q,6
1942.390468109505,s2n2,L_Q
1958.9872039056281,s1n6dt,good
1958.9872039056281,loader1q,6
1958.9872039056281,s1n6,L_Q
1980.6882654401388,loader1,ready
1980.6882654401388,s1n5,276.3t
1980.6882654401388,loader1q,5
1980.6882654401388,s1n7,loader1
1980.6882654401388,loader1,s1n7
1991.20188918267,s1n1dt,down
2006.9337611300234,s1n5,U_Q
2006.9337611300234,unloaderq,0
2006.9337611300234,unloaderq,0
2006.9337611300234,s1n5,unloader
2006.9337611300234,unloader,s1n5
2008.5097190597187,unloader,ready
2008.5097190597187,truck_pile,1671.8277879297514
2008.5097190597187,s1n5,0t
2023.2893276668237,s1n5,L_Q
2023.2893276668237,loader1q,5
2023.2893276668237,s1n5,L_Q
2029.7299643446029,loader2,ready
2029.7299643446029,s2n3,295.1t
2029.7299643446029,loader2q,5
2029.7299643446029,s2n4,loader2
2029.7299643446029,loader2,s2n4
2055.422153128626,s2n3,U_Q
2055.422153128626,unloaderq,0
2055.422153128626,unloaderq,0
2055.422153128626,s2n3,unloader
2055.422153128626,unloader,s2n3
2056.9044406943194,unloader,ready
2056.9044406943194,truck_pile,1966.9738483439107
2056.9044406943194,s2n3,0t
2073.1403843324692,s2n3,L_Q
2073.1403843324692,loader2q,6
2073.1403843324692,s2n3,L_Q
2105.0451281506685,loader1,ready
2105.0451281506685,s1n7,278.1t
2105.0451281506685,loader1q,4
2105.0451281506685,s1n2,loader1
2105.0451281506685,loader1,s1n2
2131.2173837433224,s1n7,U_Q
2131.2173837433224,unloaderq,0
2131.2173837433224,unloaderq,0
2131.2173837433224,s1n7,unloader
2131.2173837433224,unloader,s1n7
2132.7842529953823,unloader,ready
2132.7842529953823,truck_pile,2245.0899201066636
2132.7842529953823,s1n7,0t
2144.5961069037085,loader2,ready
2144.5961069037085,s2n4,324.0t
2144.5961069037085,loader2q,5
2144.5961069037085,s2n5,loader2
2144.5961069037085,loader2,s2n5
2148.255549299201,s1n7,L_Q
2148.255549299201,loader1q,5
2148.255549299201,s1n7,L_Q
2170.307441563366,s2n4,U_Q
2170.307441563366,unloaderq,0
2170.307441563366,unloaderq,0
2170.307441563366,s2n4,unloader
2170.307441563366,unloader,s2n4
2171.762784266324,unloader,ready
2171.762784266324,truck_pile,2569.0566953834405
2171.762784266324,s2n4,0t
2182.667302795615,loader1,ready
2182.667302795615,s1n2,307.9t
2182.667302795615,loader1q,4
2182.667302795615,s1n3,loader1
2182.667302795615,loader1,s1n3
2185.6382987947954,s2n4,L_Q
2185.6382987947954,loader2q,6
2185.6382987947954,s2n4,L_Q
2187.187306692067,s1n2dt,down
2193.786293576854,s1n4dt,down
2236.050918323623,s1n1dt,good
2236.050918323623,loader1q,4
2236.050918323623,s1n1,L_Q
2276.524257033614,loader2,ready
2276.524257033614,s2n5,295.3t
2276.524257033614,loader2q,5
2276.524257033614,s2n6,loader2
2276.524257033614,loader2,s2n6
2301.6817281677468,s2n5,U_Q
2301.6817281677468,unloaderq,0
2301.6817281677468,unloaderq,0
2301.6817281677468,s2n5,unloader
2301.6817281677468,unloader,s2n5
2303.055888388938,unloader,ready
2303.055888388938,truck_pile,2864.3415274314093
2303.055888388938,s2n5,0t
2311.371663463092,loader1,ready
2311.371663463092,s1n3,319.6t
2311.371663463092,loader1q,3
2311.371663463092,s1n6,loader1
2311.371663463092,loader1,s1n6
2316.727974081939,s2n5,L_Q
2316.727974081939,loader2q,6
2316.727974081939,s2n5,L_Q
2337.190120327319,s1n3,U_Q
2337.190120327319,unloaderq,0
2337.190120327319,unloaderq,0
2337.190120327319,s1n3,unloader
2337.190120327319,unloader,s1n3
2338.813203879293,unloader,ready
2338.813203879293,truck_pile,3183.985538387839
2338.813203879293,s1n3,0t
2353.524837779424,s1n3,L_Q
2353.524837779424,loader1q,4
2353.524837779424,s1n3,L_Q
2360,rail_status,cancel
2360,rail_time,2360
2360,rail_status,next train
2360,rail_time,3010
2386.2743773301836,loader2,ready
2386.2743773301836,s2n6,325.4t
2386.2743773301836,loader2q,5
2386.2743773301836,s2n7,loader2
2386.2743773301836,loader2,s2n7
2410.874313145253,s2n6,U_Q
2410.874313145253,unloaderq,0
2410.874313145253,unloaderq,0
2410.874313145253,s2n6,unloader
2410.874313145253,unloader,s2n6
2412.520323960153,unloader,ready
2412.520323960153,truck_pile,3509.3509428251937
2412.520323960153,s2n6,0t
2427.330717184497,s2n6,L_Q
2427.330717184497,loader2q,6
2427.330717184497,s2n6,L_Q
2435.3867682448054,loader1,ready
2435.3867682448054,s1n6,324.3t
2435.3867682448054,loader1q,3
2435.3867682448054,s1n5,loader1
2435.3867682448054,loader1,s1n5
2458.9148751848306,s1n6,U_Q
2458.9148751848306,unloaderq,0
2458.9148751848306,unloaderq,0
2458.9148751848306,s1n6,unloader
2458.9148751848306,unloader,s1n6
2460.268316373959,unloader,ready
2460.268316373959,truck_pile,3833.6149462354088
2460.268316373959,s1n6,0t
2475.7983293290495,s1n6,L_Q
2475.7983293290495,loader1q,4
2475.7983293290495,s1n6,L_Q
2514.65511720817,loader2,ready
2514.65511720817,s2n7,323.1t
2514.65511720817,loader2q,5
2514.65511720817,s2n1,loader2
2514.65511720817,loader2,s2n1
2538.735108384199,s2n7,U_Q
2538.735108384199,unloaderq,0
2538.735108384199,unloaderq,0
2538.735108384199,s2n7,unloader
2538.735108384199,unloader,s2n7
2540.318854276752,unloader,ready
2540.318854276752,truck_pile,4156.720307382966
2540.318854276752,s2n7,0t
2554.5362482465653,s2n7,L_Q
2554.5362482465653,loader2q,6
2554.5362482465653,s2n7,L_Q
2559.434957264183,loader1,ready
2559.434957264183,s1n5,280.7t
2559.434957264183,loader1q,3
2559.434957264183,s1n7,loader1
2559.434957264183,loader1,s1n7
2586.5773408826904,s1n5,U_Q
2586.5773408826904,unloaderq,0
2586.5773408826904,unloaderq,0
2586.5773408826904,s1n5,unloader
2586.5773408826904,unloader,s1n5
2587.9887947717907,unloader,ready
2587.9887947717907,truck_pile,4437.407602242818
2587.9887947717907,s1n5,0t
2602.4641905824033,s1n5,L_Q
2602.4641905824033,loader1q,4
2602.4641905824033,s1n5,L_Q
2643.6244392888516,loader2,ready
2643.6244392888516,s2n1,307.0t
2643.6244392888516,loader2q,5
2643.6244392888516,s2n2,loader2
2643.6244392888516,loader2,s2n2
2647.167490224605,s1n7dt,down
2647.167490224605,loader1q,3
2647.167490224605,s1n1,loader1
2647.167490224605,loader1,s1n1
2671.0870133295502,s2n1,U_Q
2671.0870133295502,unloaderq,0
2671.0870133295502,unloaderq,0
2671.0870133295502,s2n1,unloader
2671.0870133295502,unloader,s2n1
2672.6906181140857,unloader,ready
2672.6906181140857,truck_pile,4744.445869368322
2672.6906181140857,s2n1,0t
2687.7470087694915,s2n1,L_Q
2687.7470087694915,loader2q,6
2687.7470087694915,s2n1,L_Q
2764.272411499008,loader2,ready
2764.272411499008,s2n2,326.6t
2764.272411499008,loader2q,5
2764.272411499008,s2n3,loader2
2764.272411499008,loader2,s2n3
2766.5243660039705,loader1,ready
2766.5243660039705,s1n1,284.7t
2766.5243660039705,loader1q,2
2766.5243660039705,s1n3,loader1
2766.5243660039705,loader1,s1n3
2790.059140124702,s1n1,U_Q
2790.059140124702,unloaderq,0
2790.059140124702,unloaderq,0
2790.059140124702,s1n1,unloader
2790.059140124702,unloader,s1n1
2790.5153403857194,s2n2,U_Q
2790.5153403857194,unloaderq,1
2791.567611766745,unloader,ready
2791.567611766745,truck_pile,5029.121557516688
2791.567611766745,s1n1,0t
2791.567611766745,unloaderq,0
2791.567611766745,s2n2,unloader
2791.567611766745,unloader,s2n2
2793,truck_pile,4779.121557516688
2793,plant_in,ON
2793.1480938712543,unloader,ready
2793.1480938712543,truck_pile,5105.72025306509
2793.1480938712543,s2n2,0t
2796,plant,250
2796,plant_in,OFF
2796,truck_pile,4855.72025306509
2796,plant_in,ON
2799,plant,500
2799,plant_in,OFF
2799,truck_pile,4605.72025306509
2799,plant_in,ON
2802,plant,750
2802,plant_in,OFF
2802,truck_pile,4355.72025306509
2802,plant_in,ON
2805,plant,1000
2805,plant_in,OFF
2805,plant_in,OFF
2805,plant,1000
2805,truck_pile,4105.72025306509
2805,plant_in,ON
2805,plant_out,ON
2805,plant,1000
2807.959405128465,s1n1,L_Q
2807.959405128465,loader1q,3
2807.959405128465,s1n1,L_Q
2808,train_pile,3125.0
2808,plant_out,OFF
2808,plant,1000
2808,plant_in,OFF
2808,plant_out,ON
2808,plant,750
2808,truck_pile,3855.72025306509
2808,plant_in,ON
2808.1226058846637,s2n2,L_Q
2808.1226058846637,loader2q,6
2808.1226058846637,s2n2,L_Q
2811,train_pile,3250.0
2811,plant_out,OFF
2811,plant,1000
2811,plant_in,OFF
2811,plant_out,ON
2811,plant,750
2811,truck_pile,3605.72025306509
2811,plant_in,ON
2814,train_pile,3375.0
2814,plant_out,OFF
2814,plant,1000
2814,plant_in,OFF
2814,plant_out,ON
2814,plant,750
2814,truck_pile,3355.72025306509
2814,plant_in,ON
2817,train_pile,3500.0
2817,plant_out,OFF
2817,plant,1000
2817,plant_in,OFF
2817,plant_out,ON
2817,plant,750
2817,truck_pile,3105.72025306509
2817,plant_in,ON
2820,train_pile,3625.0
2820,plant_out,OFF
2820,plant,1000
2820,plant_in,OFF
2820,plant_out,ON
2820,plant,750
2820,truck_pile,2855.72025306509
2820,plant_in,ON
2823,train_pile,3750.0
2823,plant_out,OFF
2823,plant,1000
2823,plant_in,OFF
2823,plant_out,ON
2823,plant,750
2823,truck_pile,2605.72025306509
2823,plant_in,ON
2826,train_pile,3875.0
2826,plant_out,OFF
2826,plant,1000
2826,plant_in,OFF
2826,plant_out,ON
2826,plant,750
2826,truck_pile,2355.72025306509
2826,plant_in,ON
2829,train_pile,4000.0
2829,plant_out,OFF
2829,plant,1000
2829,plant_in,OFF
2829,plant_out,ON
2829,plant,750
2829,truck_pile,2105.72025306509
2829,plant_in,ON
2832,train_pile,4125.0
2832,plant_out,OFF
2832,plant,1000
2832,plant_in,OFF
2832,plant_out,ON
2832,plant,750
2832,truck_pile,1855.7202530650902
2832,plant_in,ON
2835,train_pile,4250.0
2835,plant_out,OFF
2835,plant,1000
2835,plant_in,OFF
2835,plant_out,ON
2835,plant,750
2835,truck_pile,1605.7202530650902
2835,plant_in,ON
2838,train_pile,4375.0
2838,plant_out,OFF
2838,plant,1000
2838,plant_in,OFF
2838,plant_out,ON
2838,plant,750
2838,truck_pile,1355.7202530650902
2838,plant_in,ON
2841,train_pile,4500.0
2841,plant_out,OFF
2841,plant,1000
2841,plant_in,OFF
2841,plant_out,ON
2841,plant,750
2841,truck_pile,1105.7202530650902
2841,plant_in,ON
2844,train_pile,4625.0
2844,plant_out,OFF
2844,plant,1000
2844,plant_in,OFF
2844,plant_out,ON
2844,plant,750
2844,truck_pile,855.7202530650902
2844,plant_in,ON
2847,train_pile,4750.0
2847,plant_out,OFF
2847,plant,1000
2847,plant_in,OFF
2847,plant_out,ON
2847,plant,750
2847,truck_pile,605.7202530650902
2847,plant_in,ON
2850,train_pile,4875.0
2850,plant_out,OFF
2850,plant,1000
2850,plant_in,OFF
2850,plant_out,ON
2850,plant,750
2850,truck_pile,355.7202530650902
2850,plant_in,ON
2853,train_pile,5000.0
2853,plant_out,OFF
2853,plant,1000
2853,plant_in,OFF
2853,plant_out,ON
2853,plant,750
2853,truck_pile,105.72025306509022
2853,plant_in,ON
2856,train_pile,5125.0
2856,plant_out,OFF
2856,plant,1000
2856,plant_in,OFF
2856,plant_out,ON
2856,plant,750
2859,train_pile,5250.0
2859,plant_out,OFF
2859,plant_out,ON
2859,plant,500
2862,train_pile,5375.0
2862,plant_out,OFF
2862,plant_out,ON
2862,plant,250
2865,train_pile,5500.0
2865,plant_out,OFF
2865,plant_out,ON
2865,plant,0
2868,train_pile,5625.0
2868,plant_out,OFF
2875.816013649387,loader1,ready
2875.816013649387,s1n3,329.7t
2875.816013649387,loader1q,2
2875.816013649387,s1n6,loader1
2875.816013649387,loader1,s1n6
2894.9102510407783,loader2,ready
2894.9102510407783,s2n3,329.2t
2894.9102510407783,loader2q,5
2894.9102510407783,s2n4,loader2
2894.9102510407783,loader2,s2n4
2900.4234595950184,s1n3,U_Q
2900.4234595950184,unloaderq,0
2900.4234595950184,unloaderq,0
2900.4234595950184,s1n3,unloader
2900.4234595950184,unloader,s1n3
2901.9187313764223,unloader,ready
2901.9187313764223,truck_pile,435.4093320331164
2901.9187313764223,s1n3,0t
2917.08783476352,s1n3,L_Q
2917.08783476352,loader1q,3
2917.08783476352,s1n3,L_Q
2919.0054048952647,s2n3,U_Q
2919.0054048952647,unloaderq,0
2919.0054048952647,unloaderq,0
2919.0054048952647,s2n3,unloader
2919.0054048952647,unloader,s2n3
2920.5147657024954,unloader,ready
2920.5147657024954,truck_pile,764.6037898497207
2920.5147657024954,s2n3,0t
2935.2050216820703,s2n3,L_Q
2935.2050216820703,loader2q,6
2935.2050216820703,s2n3,L_Q
2950,rail_status,cancel
2950,rail_time,2950
2950,rail_status,next train
2950,rail_time,3600
2989.5809275429415,loader1,ready
2989.5809275429415,s1n6,278.2t
2989.5809275429415,loader1q,2
2989.5809275429415,s1n5,loader1
2989.5809275429415,loader1,s1n5
3009.871520533694,loader2,ready
3009.871520533694,s2n4,328.8t
3009.871520533694,loader2q,5
3009.871520533694,s2n5,loader2
3009.871520533694,loader2,s2n5
3013.337882678238,s1n6,U_Q
3013.337882678238,unloaderq,0
3013.337882678238,unloaderq,0
3013.337882678238,s1n6,unloader
3013.337882678238,unloader,s1n6
3014.873350897512,unloader,ready
3014.873350897512,truck_pile,1042.8441561596799
3014.873350897512,s1n6,0t
3031.1157796327543,s1n6,L_Q
3031.1157796327543,loader1q,3
3031.1157796327543,s1n6,L_Q
3033.6960672100486,s2n4,U_Q
3033.6960672100486,unloaderq,0
3033.6960672100486,unloaderq,0
3033.6960672100486,s2n4,unloader
3033.6960672100486,unloader,s2n4
3035.14900279426,unloader,ready
3035.14900279426,truck_pile,1371.6787902230922
3035.14900279426,s2n4,0t
3051.0761856022914,s2n4,L_Q
3051.0761856022914,loader2q,6
3051.0761856022914,s2n4,L_Q
3112.614483205336,loader1,ready
3112.614483205336,s1n5,277.2t
3112.614483205336,loader1dt,down
3120.7284971641116,loader2,ready
3120.7284971641116,s2n5,281.0t
3120.7284971641116,loader2q,5
3120.7284971641116,s2n6,loader2
3120.7284971641116,loader2,s2n6
3138.1143775807413,s1n5,U_Q
3138.1143775807413,unloaderq,0
3138.1143775807413,unloaderq,0
3138.1143775807413,s1n5,unloader
3138.1143775807413,unloader,s1n5
3139.7007278581755,unloader,ready
3139.7007278581755,truck_pile,1648.8495953325646
3139.7007278581755,s1n5,0t
3145.4322114371844,s2n5,U_Q
3145.4322114371844,unloaderq,0
3145.4322114371844,unloaderq,0
3145.4322114371844,s2n5,unloader
3145.4322114371844,unloader,s2n5
3147.0742578227946,unloader,ready
3147.0742578227946,truck_pile,1929.876817088652
3147.0742578227946,s2n5,0t
3154.017764363713,s1n5,L_Q
3154.017764363713,loader1q,4
3154.017764363713,s1n5,L_Q
3163.439626542098,s2n5,L_Q
3163.439626542098,loader2q,6
3163.439626542098,s2n5,L_Q
3245.98646438177,loader2,ready
3245.98646438177,s2n6,323.4t
3245.98646438177,loader2q,5
3245.98646438177,s2n7,loader2
3245.98646438177,loader2,s2n7
3272.512902840573,s2n6,U_Q
3272.512902840573,unloaderq,0
3272.512902840573,unloaderq,0
3272.512902840573,s2n6,unloader
3272.512902840573,unloader,s2n6
3274.094622885247,unloader,ready
3274.094622885247,truck_pile,2253.269766449521
3274.094622885247,s2n6,0t
3290.1163152992444,s2n6,L_Q
3290.1163152992444,loader2q,6
3290.1163152992444,s2n6,L_Q
3373.428696919258,loader2,ready
3373.428696919258,s2n7,319.8t
3373.428696919258,loader2q,5
3373.428696919258,s2n1,loader2
3373.428696919258,loader2,s2n1
3398.04945028625,s2n7,U_Q
3398.04945028625,unloaderq,0
3398.04945028625,unloaderq,0
3398.04945028625,s2n7,unloader
3398.04945028625,unloader,s2n7
3399.6332585366836,unloader,ready
3399.6332585366836,truck_pile,2573.0681074954764
3399.6332585366836,s2n7,0t
3414.735587942132,s2n7,L_Q
3414.735587942132,loader2q,6
3414.735587942132,s2n7,L_Q
3494.5942712255433,loader2,ready
3494.5942712255433,s2n1,322.1t
3494.5942712255433,loader2q,5
3494.5942712255433,s2n2,loader2
3494.5942712255433,loader2,s2n2
3519.345887499034,s2n1,U_Q
3519.345887499034,unloaderq,0
3519.345887499034,unloaderq,0
3519.345887499034,s2n1,unloader
3519.345887499034,unloader,s2n1
3520.9785775294295,unloader,ready
3520.9785775294295,truck_pile,2895.173154023644
3520.9785775294295,s2n1,0t
3526.221077623714,loader1dt,good
3526.221077623714,loader1q,3
3526.221077623714,s1n1,loader1
3526.221077623714,loader1,s1n1
3528.1220983686135,s2n1dt,down
3540,rail_status,cancel
3540,rail_time,3540
3540,rail_status,next train
3540,rail_time,4190
3624.7512381008855,loader2,ready
3624.7512381008855,s2n2,275.8t
3624.7512381008855,loader2q,4
3624.7512381008855,s2n3,loader2
3624.7512381008855,loader2,s2n3
3645.4182837297494,s2n5dt,down
3650.03403914842,s2n2,U_Q
3650.03403914842,unloaderq,0
3650.03403914842,unloaderq,0
3650.03403914842,s2n2,unloader
3650.03403914842,unloader,s2n2
3651.614274195993,unloader,ready
3651.614274195993,truck_pile,3170.9791155669354
3651.614274195993,s2n2,0t
3654.8303248026614,loader1,ready
3654.8303248026614,s1n1,316.1t
3654.8303248026614,loader1q,2
3654.8303248026614,s1n3,loader1
3654.8303248026614,loader1,s1n3
3667.2878569940844,s2n2,L_Q
3667.2878569940844,loader2q,4
3667.2878569940844,s2n2,L_Q
3680.680555842949,s1n1,U_Q
3680.680555842949,unloaderq,0
3680.680555842949,unloaderq,0
3680.680555842949,s1n1,unloader
3680.680555842949,unloader,s1n1
3682.1570311092282,unloader,ready
3682.1570311092282,truck_pile,3487.0474938873626
3682.1570311092282,s1n1,0t
3696.4888212133037,s1n1,L_Q
3696.4888212133037,loader1q,3
3696.4888212133037,s1n1,L_Q
3740.469902403125,loader2,ready
3740.469902403125,s2n3,308.0t
3740.469902403125,loader2q,3
3740.469902403125,s2n4,loader2
3740.469902403125,loader2,s2n4
3765.50704557964,s2n3,U_Q
3765.50704557964,unloaderq,0
3765.50704557964,unloaderq,0
3765.50704557964,s2n3,unloader
3765.50704557964,unloader,s2n3
3766.9819821388533,unloader,ready
3766.9819821388533,truck_pile,3795.048820690593
3766.9819821388533,s2n3,0t
3783.2132090805753,s2n3,L_Q
3783.2132090805753,loader2q,4
3783.2132090805753,s2n3,L_Q
3784.941190638389,loader1,ready
3784.941190638389,s1n3,317.0t
3784.941190638389,loader1q,2
3784.941190638389,s1n6,loader1
3784.941190638389,loader1,s1n6
3811.8751970911194,s1n3,U_Q
3811.8751970911194,unloaderq,0
3811.8751970911194,unloaderq,0
3811.8751970911194,s1n3,unloader
3811.8751970911194,unloader,s1n3
3813.242062385527,unloader,ready
3813.242062385527,truck_pile,4112.07571289103
3813.242062385527,s1n3,0t
3827.1245320509533,s1n3,L_Q
3827.1245320509533,loader1q,3
3827.1245320509533,s1n3,L_Q
3859.4611396790447,loader2,ready
3859.4611396790447,s2n4,280.5t
3859.4611396790447,loader2q,3
3859.4611396790447,s2n6,loader2
3859.4611396790447,loader2,s2n6
3882.502374756972,s2n4,U_Q
3882.502374756972,unloaderq,0
3882.502374756972,unloaderq,0
3882.502374756972,s2n4,unloader
3882.502374756972,unloader,s2n4
3884.117129380812,unloader,ready
3884.117129380812,truck_pile,4392.566786674128
3884.117129380812,s2n4,0t
3900.326884688164,s2n4,L_Q
3900.326884688164,loader2q,4
3900.326884688164,s2n4,L_Q
3910.845030847496,loader1,ready
3910.845030847496,s1n6,284.2t
3910.845030847496,loader1q,2
3910.845030847496,s1n5,loader1
3910.845030847496,loader1,s1n5
3935.883146699959,s1n6,U_Q
3935.883146699959,unloaderq,0
3935.883146699959,unloaderq,0
3935.883146699959,s1n6,unloader
3935.883146699959,unloader,s1n6
3937.2916947603694,unloader,ready
3937.2916947603694,truck_pile,4676.806176086353
3937.2916947603694,s1n6,0t
3952.650671753453,s1n6,L_Q
3952.650671753453,loader1q,3
3952.650671753453,s1n6,L_Q
3970.8546768001465,loader2,ready
3970.8546768001465,s2n6,292.5t
3970.8546768001465,loader2q,3
3970.8546768001465,s2n7,loader2
3970.8546768001465,loader2,s2n7
3997.68994538582,s2n6,U_Q
3997.68994538582,unloaderq,0
3997.68994538582,unloaderq,0
3997.68994538582,s2n6,unloader
3997.68994538582,unloader,s2n6
3999.0888441364136,unloader,ready
3999.0888441364136,truck_pile,4969.338775196528
3999.0888441364136,s2n6,0t
4013.7697738491984,s2n6,L_Q
4013.7697738491984,loader2q,4
4013.7697738491984,s2n6,L_Q
4030.4126007902387,loader1,ready
4030.4126007902387,s1n5,326.6t
4030.4126007902387,loader1q,2
4030.4126007902387,s1n1,loader1
4030.4126007902387,loader1,s1n1
4036.3109763590232,s1n4dt,good
4036.3109763590232,loader1q,3
4036.3109763590232,s1n4,L_Q
4057.492667840613,s1n5,U_Q
4057.492667840613,unloaderq,0
4057.492667840613,unloaderq,0
4057.492667840613,s1n5,unloader
4057.492667840613,unloader,s1n5
4058.996229430961,unloader,ready
4058.996229430961,truck_pile,5295.987728273394
4058.996229430961,s1n5,0t
4059,truck_pile,5045.987728273394
4059,plant_in,ON
4062,plant,250
4062,plant_in,OFF
4062,truck_pile,4795.987728273394
4062,plant_in,ON
4065,plant,500
4065,plant_in,OFF
4065,truck_pile,4545.987728273394
4065,plant_in,ON
4068,plant,750
4068,plant_in,OFF
4068,truck_pile,4295.987728273394
4068,plant_in,ON
4071,plant,1000
4071,plant_in,OFF
4071,plant_in,OFF
4071,plant,1000
4071,truck_pile,4045.987728273394
4071,plant_in,ON
4071,plant_out,ON
4071,plant,1000
4074,train_pile,5750.0
4074,plant_out,OFF
4074,plant,1000
4074,plant_in,OFF
4074,plant_out,ON
4074,plant,750
4074,truck_pile,3795.987728273394
4074,plant_in,ON
4075.34878028774,s1n5,L_Q
4075.34878028774,loader1q,4
4075.34878028774,s1n5,L_Q
4077,train_pile,5875.0
4077,plant_out,OFF
4077,plant,1000
4077,plant_in,OFF
4077,plant_out,ON
4077,plant,750
4077,truck_pile,3545.987728273394
4077,plant_in,ON
4080,train_pile,6000.0
4080,plant_out,OFF
4080,plant,1000
4080,plant_in,OFF
4080,plant_out,ON
4080,plant,750
4080,truck_pile,3295.987728273394
4080,plant_in,ON
4083,train_pile,6125.0
4083,plant_out,OFF
4083,plant,1000
4083,plant_in,OFF
4083,plant_out,ON
4083,plant,750
4083,truck_pile,3045.987728273394
4083,plant_in,ON
4086,train_pile,6250.0
4086,plant_out,OFF
4086,plant,1000
4086,plant_in,OFF
4086,plant_out,ON
4086,plant,750
4086,truck_pile,2795.987728273394
4086,plant_in,ON
4089,train_pile,6375.0
4089,plant_out,OFF
4089,plant,1000
4089,plant_in,OFF
4089,plant_out,ON
4089,plant,750
4089,truck_pile,2545.987728273394
4089,plant_in,ON
4092,train_pile,6500.0
4092,plant_out,OFF
4092,plant,1000
4092,plant_in,OFF
4092,plant_out,ON
4092,plant,750
4092,truck_pile,2295.987728273394
4092,plant_in,ON
4095,train_pile,6625.0
4095,plant_out,OFF
4095,plant,1000
4095,plant_in,OFF
4095,plant_out,ON
4095,plant,750
4095,truck_pile,2045.9877282733942
4095,plant_in,ON
4098,train_pile,6750.0
4098,plant_out,OFF
4098,plant,1000
4098,plant_in,OFF
4098,plant_out,ON
4098,plant,750
4098,truck_pile,1795.9877282733942
4098,plant_in,ON
4101,train_pile,6875.0
4101,plant_out,OFF
4101,plant,1000
4101,plant_in,OFF
4101,plant_out,ON
4101,plant,750
4101,truck_pile,1545.9877282733942
4101,plant_in,ON
4101.216988437653,loader2,ready
4101.216988437653,s2n7,312.4t
4101.216988437653,loader2q,3
4101.216988437653,s2n2,loader2
4101.216988437653,loader2,s2n2
4104,train_pile,7000.0
4104,plant_out,OFF
4104,plant,1000
4104,plant_in,OFF
4104,plant_out,ON
4104,plant,750
4104,truck_pile,1295.9877282733942
4104,plant_in,ON
4107,train_pile,7125.0
4107,plant_out,OFF
4107,plant,1000
4107,plant_in,OFF
4107,plant_out,ON
4107,plant,750
4107,truck_pile,1045.9877282733942
4107,plant_in,ON
4110,train_pile,7250.0
4110,plant_out,OFF
4110,plant,1000
4110,plant_in,OFF
4110,plant_out,ON
4110,plant,750
4110,truck_pile,795.9877282733942
4110,plant_in,ON
4113,train_pile,7375.0
4113,plant_out,OFF
4113,plant,1000
4113,plant_in,OFF
4113,plant_out,ON
4113,plant,750
4113,truck_pile,545.9877282733942
4113,plant_in,ON
4116,train_pile,7500.0
4116,plant_out,OFF
4116,plant,1000
4116,plant_in,OFF
4116,plant_out,ON
4116,plant,750
4116,truck_pile,295.98772827339417
4116,plant_in,ON
4119,train_pile,7625.0
4119,plant_out,OFF
4119,plant,1000
4119,plant_in,OFF
4119,plant_out,ON
4119,plant,750
4119,truck_pile,45.98772827339417
4119,plant_in,ON
4122,train_pile,7750.0
4122,plant_out,OFF
4122,plant,1000
4122,plant_in,OFF
4122,plant_out,ON
4122,plant,750
4125,train_pile,7875.0
4125,plant_out,OFF
4125,plant_out,ON
4125,plant,500
4128,train_pile,8000.0
4128,plant_out,OFF
4128,plant_out,ON
4128,plant,250
4128.514870654759,s2n7,U_Q
4128.514870654759,unloaderq,0
4128.514870654759,unloaderq,0
4128.514870654759,s2n7,unloader
4128.514870654759,unloader,s2n7
4130,rail_status,cancel
4130,rail_time,4130
4130,rail_status,next train
4130,rail_time,4780
4130.135975937817,unloader,ready
4130.135975937817,truck_pile,358.36441308521535
4130.135975937817,s2n7,0t
4131,train_pile,8125.0
4131,plant_out,OFF
4131,plant_out,ON
4131,plant,0
4134,train_pile,8250.0
4134,plant_out,OFF
4146.047728634084,s2n7,L_Q
4146.047728634084,loader2q,4
4146.047728634084,s2n7,L_Q
4156.25298660045,loader1,ready
4156.25298660045,s1n1,297.4t
4156.25298660045,loader1q,3
4156.25298660045,s1n3,loader1
4156.25298660045,loader1,s1n3
4180.713726679373,s1n1,U_Q
4180.713726679373,unloaderq,0
4180.713726679373,unloaderq,0
4180.713726679373,s1n1,unloader
4180.713726679373,unloader,s1n1
4182.10694377507,unloader,ready
4182.10694377507,truck_pile,655.737990178436
4182.10694377507,s1n1,0t
4197.663939329737,s1n1,L_Q
4197.663939329737,loader1q,4
4197.663939329737,s1n1,L_Q
4232.189475196696,loader2,ready
4232.189475196696,s2n2,328.2t
4232.189475196696,loader2q,3
4232.189475196696,s2n3,loader2
4232.189475196696,loader2,s2n3
4258.0454160532545,s2n2,U_Q
4258.0454160532545,unloaderq,0
4258.0454160532545,unloaderq,0
4258.0454160532545,s2n2,unloader
4258.0454160532545,unloader,s2n2
4259.4231216205735,unloader,ready
4259.4231216205735,truck_pile,983.8931941175703
4259.4231216205735,s2n2,0t
4271.361370956569,loader1,ready
4271.361370956569,s1n3,322.5t
4271.361370956569,loader1q,3
4271.361370956569,s1n6,loader1
4271.361370956569,loader1,s1n6
4274.014694901805,s2n1dt,good
4274.34633111475,s2n2,L_Q
4274.34633111475,loader2q,4
4274.34633111475,s2n2,L_Q
4281.620860602281,s2n1,L_Q
4281.620860602281,loader2q,5
4281.620860602281,s2n1,L_Q
4298.61421245323,s1n3,U_Q
4298.61421245323,unloaderq,0
4298.61421245323,unloaderq,0
4298.61421245323,s1n3,unloader
4298.61421245323,unloader,s1n3
4300.249790880287,unloader,ready
4300.249790880287,truck_pile,1306.3527715678883
4300.249790880287,s1n3,0t
4316.519718073349,s1n3,L_Q
4316.519718073349,loader1q,4
4316.519718073349,s1n3,L_Q
4348.84073166958,plantdt,down
4359.139412214787,loader2,ready
4359.139412214787,s2n3,298.2t
4359.139412214787,loader2q,4
4359.139412214787,s2n4,loader2
4359.139412214787,loader2,s2n4
4383.806883593084,s2n3,U_Q
4383.806883593084,unloaderq,0
4383.806883593084,unloaderq,0
4383.806883593084,s2n3,unloader
4383.806883593084,unloader,s2n3
4385.291701430789,unloader,ready
4385.291701430789,truck_pile,1604.5779196719986
4385.291701430789,s2n3,0t
4393.670104231075,loader1,ready
4393.670104231075,s1n6,326.4t
4393.670104231075,loader1q,3
4393.670104231075,s1n4,loader1
4393.670104231075,loader1,s1n4
4399.031294616255,s2n3,L_Q
4399.031294616255,loader2q,5
4399.031294616255,s2n3,L_Q
4418.242025600866,s1n6,U_Q
4418.242025600866,unloaderq,0
4418.242025600866,unloaderq,0
4418.242025600866,s1n6,unloader
4418.242025600866,unloader,s1n6
4419.840263200678,unloader,ready
4419.840263200678,truck_pile,1931.0048682736183
4419.840263200678,s1n6,0t
4433.468898143666,s1n6,L_Q
4433.468898143666,loader1q,4
4433.468898143666,s1n6,L_Q
4487.668650135959,loader2,ready
4487.668650135959,s2n4,275.6t
4487.668650135959,loader2q,4
4487.668650135959,s2n6,loader2
4487.668650135959,loader2,s2n6
4496.404370961859,loader1,ready
4496.404370961859,s1n4,297.3t
4496.404370961859,loader1q,3
4496.404370961859,s1n5,loader1
4496.404370961859,loader1,s1n5
4512.441240986619,s2n4,U_Q
4512.441240986619,unloaderq,0
4512.441240986619,unloaderq,0
4512.441240986619,s2n4,unloader
4512.441240986619,unloader,s2n4
4513.930315338063,unloader,ready
4513.930315338063,truck_pile,2206.604675405876
4513.930315338063,s2n4,0t
4522.953893494224,s1n4,U_Q
4522.953893494224,unloaderq,0
4522.953893494224,unloaderq,0
4522.953893494224,s1n4,unloader
4522.953893494224,unloader,s1n4
4524.313680461184,unloader,ready
4524.313680461184,truck_pile,2503.936590867853
4524.313680461184,s1n4,0t
4528.221069430046,s2n4,L_Q
4528.221069430046,loader2q,5
4528.221069430046,s2n4,L_Q
4539.201571843012,s1n4,L_Q
4539.201571843012,loader1q,4
4539.201571843012,s1n4,L_Q
4560.427463607047,s2n5dt,good
4560.427463607047,loader2q,6
4560.427463607047,s2n5,L_Q
4576.550723813545,s1n7dt,good
4576.550723813545,loader1q,5
4576.550723813545,s1n7,L_Q
4582.379546861492,s2n3dt,down
4618.859832749651,loader2,ready
4618.859832749651,s2n6,279.6t
4618.859832749651,loader2q,4
4618.859832749651,s2n7,loader2
4618.859832749651,loader2,s2n7
4621.540893010518,plantdt,good
4623.1776045341485,loader1,ready
4623.1776045341485,s1n5,307.6t
4623.1776045341485,loader1q,4
4623.1776045341485,s1n1,loader1
4623.1776045341485,loader1,s1n1
4644.321486321474,s2n6,U_Q
4644.321486321474,unloaderq,0
4644.321486321474,unloaderq,0
4644.321486321474,s2n6,unloader
4644.321486321474,unloader,s2n6
4645.831746930539,unloader,ready
4645.831746930539,truck_pile,2783.5370478692475
4645.831746930539,s2n6,0t
4648.840867223961,s1n5,U_Q
4648.840867223961,unloaderq,0
4648.840867223961,unloaderq,0
4648.840867223961,s1n5,unloader
4648.840867223961,unloader,s1n5
4650.287953708065,unloader,ready
4650.287953708065,truck_pile,3091.115248887621
4650.287953708065,s1n5,0t
4661.673599153055,s2n6,L_Q
4661.673599153055,loader2q,5
4661.673599153055,s2n6,L_Q
4666.429293530369,s1n5,L_Q
4666.429293530369,loader1q,5
4666.429293530369,s1n5,L_Q
4678.684557756265,unloaderdt,down
4720,rail_status,cancel
4720,rail_time,4720
4720,rail_status,next train
4720,rail_time,5370
4727.775075106434,loader2,ready
4727.775075106434,s2n7,300.9t
4727.775075106434,loader2q,4
4727.775075106434,s2n2,loader2
4727.775075106434,loader2,s2n2
4752.067305119896,s2n7,U_Q
4752.067305119896,unloaderq,1
4752.376423636421,loader1,ready
4752.376423636421,s1n1,326.6t
4752.376423636421,loader1q,4
4752.376423636421,s1n3,loader1
4752.376423636421,loader1,s1n3
4778.97022555477,s1n1,U_Q
4778.97022555477,unloaderq,2
4830.9984219734215,unloaderdt,good
4830.9984219734215,unloaderq,1
4830.9984219734215,s2n7,unloader
4830.9984219734215,unloader,s2n7
4832.38383691684,unloader,ready
4832.38383691684,truck_pile,3392.033364038201
4832.38383691684,s2n7,0t
4832.38383691684,unloaderq,0
4832.38383691684,s1n1,unloader
4832.38383691684,unloader,s1n1
4834.0026197400675,unloader,ready
4834.0026197400675,truck_pile,3718.6292647488194
4834.0026197400675,s1n1,0t
4846.220363333928,s2n7,L_Q
4846.220363333928,loader2q,5
4846.220363333928,s2n7,L_Q
4849.784247513833,s1n1,L_Q
4849.784247513833,loader1q,5
4849.784247513833,s1n1,L_Q
4857.71618957126,loader2,ready
4857.71618957126,s2n2,300.8t
4857.71618957126,loader2q,4
4857.71618957126,s2n1,loader2
4857.71618957126,loader2,s2n1
4882.6253679681995,loader1,ready
4882.6253679681995,s1n3,300.2t
4882.6253679681995,loader1q,4
4882.6253679681995,s1n6,loader1
4882.6253679681995,loader1,s1n6
4882.639274369905,s2n2,U_Q
4882.639274369905,unloaderq,0
4882.639274369905,unloaderq,0
4882.639274369905,s2n2,unloader
4882.639274369905,unloader,s2n2
4884.281605957375,unloader,ready
4884.281605957375,truck_pile,4019.4789755038537
4884.281605957375,s2n2,0t
4899.7898319114,s2n2,L_Q
4899.7898319114,loader2q,5
4899.7898319114,s2n2,L_Q
4908.3707361104825,s1n3,U_Q
4908.3707361104825,unloaderq,0
4908.3707361104825,unloaderq,0
4908.3707361104825,s1n3,unloader
4908.3707361104825,unloader,s1n3
4909.826757897684,unloader,ready
4909.826757897684,truck_pile,4319.656973998674
4909.826757897684,s1n3,0t
4923.434845103007,s1n3,L_Q
4923.434845103007,loader1q,5
4923.434845103007,s1n3,L_Q
4966.779527578067,loader2,ready
4966.779527578067,s2n1,316.0t
4966.779527578067,loader2q,4
4966.779527578067,s2n4,loader2
4966.779527578067,loader2,s2n4
4992.594834497331,s2n1,U_Q
4992.594834497331,unloaderq,0
4992.594834497331,unloaderq,0
4992.594834497331,s2n1,unloader
4992.594834497331,unloader,s2n1
4994.054195086352,unloader,ready
4994.054195086352,truck_pile,4635.668746746779
4994.054195086352,s2n1,0t
5001.911196259406,loader1,ready
5001.911196259406,s1n6,305.4t
5001.911196259406,loader1q,4
5001.911196259406,s1n4,loader1
5001.911196259406,loader1,s1n4
5007.73675206833,s2n1,L_Q
5007.73675206833,loader2q,5
5007.73675206833,s2n1,L_Q
5026.641364646807,s1n6,U_Q
5026.641364646807,unloaderq,0
5026.641364646807,unloaderq,0
5026.641364646807,s1n6,unloader
5026.641364646807,unloader,s1n6
5028.038155634974,unloader,ready
5028.038155634974,truck_pile,4941.0518596674
5028.038155634974,s1n6,0t
5043.155681742049,s1n6,L_Q
5043.155681742049,loader1q,5
5043.155681742049,s1n6,L_Q
5096.684501162164,loader2,ready
5096.684501162164,s2n4,271.1t
5096.684501162164,loader2q,4
5096.684501162164,s2n5,loader2
5096.684501162164,loader2,s2n5
5119.595970162908,s2n4,U_Q
5119.595970162908,unloaderq,0
5119.595970162908,unloaderq,0
5119.595970162908,s2n4,unloader
5119.595970162908,unloader,s2n4
5121.214115131703,unloader,ready
5121.214115131703,truck_pile,5212.122049345866
5121.214115131703,s2n4,0t
5124,truck_pile,4962.122049345866
5124,plant_in,ON
5126.012342713775,loader1,ready
5126.012342713775,s1n4,324.6t
5126.012342713775,loader1q,4
5126.012342713775,s1n7,loader1
5126.012342713775,loader1,s1n7
5127,plant,250
5127,plant_in,OFF
5127,truck_pile,4712.122049345866
5127,plant_in,ON
5130,plant,500
5130,plant_in,OFF
5130,truck_pile,4462.122049345866
5130,plant_in,ON
5133,plant,750
5133,plant_in,OFF
5133,truck_pile,4212.122049345866
5133,plant_in,ON
5135.541556471097,s2n4,L_Q
5135.541556471097,loader2q,5
5135.541556471097,s2n4,L_Q
5136,plant,1000
5136,plant_in,OFF
5136,plant_in,OFF
5136,plant,1000
5136,truck_pile,3962.122049345866
5136,plant_in,ON
5136,plant_out,ON
5136,plant,1000
5139,train_pile,8375.0
5139,plant_out,OFF
5139,plant,1000
5139,plant_in,OFF
5139,plant_out,ON
5139,plant,750
5139,truck_pile,3712.122049345866
5139,plant_in,ON
5142,train_pile,8500.0
5142,plant_out,OFF
5142,plant,1000
5142,plant_in,OFF
5142,plant_out,ON
5142,plant,750
5142,truck_pile,3462.122049345866
5142,plant_in,ON
5145,train_pile,8625.0
5145,plant_out,OFF
5145,plant,1000
5145,plant_in,OFF
5145,plant_out,ON
5145,plant,750
5145,truck_pile,3212.122049345866
5145,plant_in,ON
5148,train_pile,8750.0
5148,plant_out,OFF
5148,plant,1000
5148,plant_in,OFF
5148,plant_out,ON
5148,plant,750
5148,truck_pile,2962.122049345866
5148,plant_in,ON
5149.907053383613,s1n4,U_Q
5149.907053383613,unloaderq,0
5149.907053383613,unloaderq,0
5149.907053383613,s1n4,unloader
5149.907053383613,unloader,s1n4
5151,train_pile,8875.0
5151,plant_out,OFF
5151,plant,1000
5151,plant_in,OFF
5151,plant_out,ON
5151,plant,750
5151,truck_pile,2712.122049345866
5151,plant_in,ON
5151.3951610880695,unloader,ready
5151.3951610880695,truck_pile,3036.684350460936
5151.3951610880695,s1n4,0t
5154,train_pile,9000.0
5154,plant_out,OFF
5154,plant,1000
5154,plant_in,OFF
5154,plant_out,ON
5154,plant,750
5154,truck_pile,2786.684350460936
5154,plant_in,ON
5157,train_pile,9125.0
5157,plant_out,OFF
5157,plant,1000
5157,plant_in,OFF
5157,plant_out,ON
5157,plant,750
5157,truck_pile,2536.684350460936
5157,plant_in,ON
5160,train_pile,9250.0
5160,plant_out,OFF
5160,plant,1000
5160,plant_in,OFF
5160,plant_out,ON
5160,plant,750
5160,truck_pile,2286.684350460936
5160,plant_in,ON
5163,train_pile,9375.0
5163,plant_out,OFF
5163,plant,1000
5163,plant_in,OFF
5163,plant_out,ON
5163,plant,750
5163,truck_pile,2036.684350460936
5163,plant_in,ON
5166,train_pile,9500.0
5166,plant_out,OFF
5166,plant,1000
5166,plant_in,OFF
5166,plant_out,ON
5166,plant,750
5166,truck_pile,1786.684350460936
5166,plant_in,ON
5166.489361440879,s1n4,L_Q
5166.489361440879,loader1q,5
5166.489361440879,s1n4,L_Q
5169,train_pile,9625.0
5169,plant_out,OFF
5169,plant,1000
5169,plant_in,OFF
5169,plant_out,ON
5169,plant,750
5169,truck_pile,1536.684350460936
5169,plant_in,ON
5172,train_pile,9750.0
5172,plant_out,OFF
5172,plant,1000
5172,plant_in,OFF
5172,plant_out,ON
5172,plant,750
5172,truck_pile,1286.684350460936
5172,plant_in,ON
5175,train_pile,9875.0
5175,plant_out,OFF
5175,plant,1000
5175,plant_in,OFF
5175,plant_out,ON
5175,plant,750
5175,truck_pile,1036.684350460936
5175,plant_in,ON
5178,train_pile,10000.0
5178,plant_out,OFF
5178,plant,1000
5178,plant_in,OFF
5178,plant_out,ON
5178,plant,750
5178,truck_pile,786.684350460936
5178,plant_in,ON
5181,train_pile,10125.0
5181,plant_out,OFF
5181,plant,1000
5181,plant_in,OFF
5181,plant_out,ON
5181,plant,750
5181,truck_pile,536.684350460936
5181,plant_in,ON
5184,train_pile,10250.0
5184,plant_out,OFF
5184,plant,1000
5184,plant_in,OFF
5184,plant_out,ON
5184,plant,750
5184,truck_pile,286.684350460936
5184,plant_in,ON
5187,train_pile,10375.0
5187,plant_out,OFF
5187,plant,1000
5187,plant_in,OFF
5187,plant_out,ON
5187,plant,750
5187,truck_pile,36.684350460936
5187,plant_in,ON
5190,train_pile,10500.0
5190,plant_out,OFF
5190,plant,1000
5190,plant_in,OFF
5190,plant_out,ON
5190,plant,750
5193,train_pile,10625.0
5193,plant_out,OFF
5193,plant_out,ON
5193,plant,500
5195.1702528112355,loader2,ready
5195.1702528112355,s2n5,296.7t
5195.1702528112355,loader2q,4
5195.1702528112355,s2n6,loader2
5195.1702528112355,loader2,s2n6
5196,train_pile,10750.0
5196,plant_out,OFF
5196,plant_out,ON
5196,plant,250
5199,train_pile,10875.0
5199,plant_out,OFF
5199,plant_out,ON
5199,plant,0
5202,train_pile,11000.0
5202,plant_out,OFF
5220.025140981407,s2n5,U_Q
5220.025140981407,unloaderq,0
5220.025140981407,unloaderq,0
5220.025140981407,s2n5,unloader
5220.025140981407,unloader,s2n5
5221.375247786218,unloader,ready
5221.375247786218,truck_pile,333.3731960174682
5221.375247786218,s2n5,0t
5235.958395165813,loader1,ready
5235.958395165813,s1n7,286.6t
5235.958395165813,loader1q,4
5235.958395165813,s1n5,loader1
5235.958395165813,loader1,s1n5
5237.010629887199,s2n5,L_Q
5237.010629887199,loader2q,5
5237.010629887199,s2n5,L_Q
5245.298026946979,s1n7dt,down
5304.213657081955,loader2,ready
5304.213657081955,s2n6,317.9t
5304.213657081955,loader2q,4
5304.213657081955,s2n7,loader2
5304.213657081955,loader2,s2n7
5310,rail_status,cancel
5310,rail_time,5310
5310,rail_status,next train
5310,rail_time,5960
5330.948471202371,s2n6,U_Q
5330.948471202371,unloaderq,0
5330.948471202371,unloaderq,0
5330.948471202371,s2n6,unloader
5330.948471202371,unloader,s2n6
5332.571584654412,unloader,ready
5332.571584654412,truck_pile,651.2703531062122
5332.571584654412,s2n6,0t
5343.4143683825605,s1n7dt,good
5346.7163025828995,s2n6,L_Q
5346.7163025828995,loader2q,5
5346.7163025828995,s2n6,L_Q
5353.897507102041,loader1,ready
5353.897507102041,s1n5,329.7t
5353.897507102041,loader1q,3
5353.897507102041,s1n1,loader1
5353.897507102041,loader1,s1n1
5357.600055084674,s1n7,U_Q
5357.600055084674,unloaderq,0
5357.600055084674,unloaderq,0
5357.600055084674,s1n7,unloader
5357.600055084674,unloader,s1n7
5359.113820468077,unloader,ready
5359.113820468077,truck_pile,937.8993590152188
5359.113820468077,s1n7,0t
5375.544176582344,s1n7,L_Q
5375.544176582344,loader1q,4
5375.544176582344,s1n7,L_Q
5380.1192550189335,s1n5,U_Q
5380.1192550189335,unloaderq,0
5380.1192550189335,unloaderq,0
5380.1192550189335,s1n5,unloader
5380.1192550189335,unloader,s1n5
5381.7664380030055,unloader,ready
5381.7664380030055,truck_pile,1267.6152883854347
5381.7664380030055,s1n5,0t
5397.233358180017,s1n5,L_Q
5397.233358180017,loader1q,5
5397.233358180017,s1n5,L_Q
5430.187447546193,loader2,ready
5430.187447546193,s2n7,307.6t
5430.187447546193,loader2dt,down
5434.064016793808,loader2dt,good
5434.064016793808,loader2q,4
5434.064016793808,s2n2,loader2
5434.064016793808,loader2,s2n2
5454.195618288822,s2n7,U_Q
5454.195618288822,unloaderq,0
5454.195618288822,unloaderq,0
5454.195618288822,s2n7,unloader
5454.195618288822,unloader,s2n7
5455.583216257652,unloader,ready
5455.583216257652,truck_pile,1575.2410807257106
5455.583216257652,s2n7,0t
5460.542437260162,s2n2dt,down
5460.542437260162,loader2q,3
5460.542437260162,s2n1,loader2
5460.542437260162,loader2,s2n1
5461.4601550398365,s2n3dt,down
5471.139247567289,s2n7,L_Q
5471.139247567289,loader2q,4
5471.139247567289,s2n7,L_Q
5473.877660151441,loader1,ready
5473.877660151441,s1n1,317.7t
5473.877660151441,loader1q,4
5473.877660151441,s1n3,loader1
5473.877660151441,loader1,s1n3
5496.859415227582,s1n1,U_Q
5496.859415227582,unloaderq,0
5496.859415227582,unloaderq,0
5496.859415227582,s1n1,unloader
5496.859415227582,unloader,s1n1
5498.387848708034,unloader,ready
5498.387848708034,truck_pile,1892.9772895217845
5498.387848708034,s1n1,0t
5514.0596235375815,s1n1,L_Q
5514.0596235375815,loader1q,5
5514.0596235375815,s1n1,L_Q
5575.117343389244,loader2,ready
5575.117343389244,s2n1,302.6t
5575.117343389244,loader2q,3
5575.117343389244,s2n4,loader2
5575.117343389244,loader2,s2n4
5599.187171603812,loader1,ready
5599.187171603812,s1n3,277.3t
5599.187171603812,loader1q,4
5599.187171603812,s1n6,loader1
5599.187171603812,loader1,s1n6
5602.230805252002,s2n1,U_Q
5602.230805252002,unloaderq,0
5602.230805252002,unloaderq,0
5602.230805252002,s2n1,unloader
5602.230805252002,unloader,s2n1
5603.783845930724,unloader,ready
5603.783845930724,truck_pile,2195.5812297754173
5603.783845930724,s2n1,0t
5620.040775503867,s2n1,L_Q
5620.040775503867,loader2q,4
5620.040775503867,s2n1,L_Q
5622.075635815315,s1n3,U_Q
5622.075635815315,unloaderq,0
5622.075635815315,unloaderq,0
5622.075635815315,s1n3,unloader
5622.075635815315,unloader,s1n3
5623.688955413779,unloader,ready
5623.688955413779,truck_pile,2472.857887782414
5623.688955413779,s1n3,0t
5639.044063280724,s1n3,L_Q
5639.044063280724,loader1q,5
5639.044063280724,s1n3,L_Q
5699.3447081367185,loader2,ready
5699.3447081367185,s2n4,279.5t
5699.3447081367185,loader2dt,down
5714.424521552369,loader1,ready
5714.424521552369,s1n6,276.6t
5714.424521552369,loader1q,4
5714.424521552369,s1n4,loader1
5714.424521552369,loader1,s1n4
5722.73171839993,s2n4,U_Q
5722.73171839993,unloaderq,0
5722.73171839993,unloaderq,0
5722.73171839993,s2n4,unloader
5722.73171839993,unloader,s2n4
5724.08178076982,unloader,ready
5724.08178076982,truck_pile,2752.3540591633564
5724.08178076982,s2n4,0t
5740.01398098286,s2n4,L_Q
5740.01398098286,loader2q,5
5740.01398098286,s2n4,L_Q
5740.540377153489,s1n6,U_Q
5740.540377153489,unloaderq,0
5740.540377153489,unloaderq,0
5740.540377153489,s1n6,unloader
5740.540377153489,unloader,s1n6
5742.062239002101,unloader,ready
5742.062239002101,truck_pile,3028.973787672215
5742.062239002101,s1n6,0t
5758.200770390304,s1n6,L_Q
5758.200770390304,loader1q,5
5758.200770390304,s1n6,L_Q
5812.321661951365,s2n2dt,down
5822.918044196183,loader1,ready
5822.918044196183,s1n4,283.8t
5822.918044196183,loader1q,4
5822.918044196183,s1n7,loader1
5822.918044196183,loader1,s1n7
5832.48045573827,s2n3dt,good
5832.48045573827,loader2q,6
5832.48045573827,s2n3,L_Q
5849.540116520507,s1n4,U_Q
5849.540116520507,unloaderq,0
5849.540116520507,unloaderq,0
5849.540116520507,s1n4,unloader
5849.540116520507,unloader,s1n4
5851.188343497842,unloader,ready
5851.188343497842,truck_pile,3312.8165347573517
5851.188343497842,s1n4,0t
5866.421381582059,s1n4,L_Q
5866.421381582059,loader1q,5
5866.421381582059,s1n4,L_Q
5900,rail_status,cancel
5900,rail_time,5900
5900,rail_status,next train
5900,rail_time,6550
5938.034423101798,loader1,ready
5938.034423101798,s1n7,284.4t
5938.034423101798,loader1q,4
5938.034423101798,s1n5,loader1
5938.034423101798,loader1,s1n5
5961.336517552439,s1n7,U_Q
5961.336517552439,unloaderq,0
5961.336517552439,unloaderq,0
5961.336517552439,s1n7,unloader
5961.336517552439,unloader,s1n7
5962.717248843488,unloader,ready
5962.717248843488,truck_pile,3597.1796396742543
5962.717248843488,s1n7,0t
5976.32803841743,s1n7,L_Q
5976.32803841743,loader1q,5
5976.32803841743,s1n7,L_Q
